
PRAGMA auto_vacuum = 1;


CREATE TABLE Students
(
	StudentID               INTEGER NOT NULL ,
	StudentName             TEXT NOT NULL ,
 PRIMARY KEY (StudentID)
);

CREATE  INDEX StudentID ON Students
(StudentID   ASC);

INSERT INTO Students VALUES ( 1, 'Anesin');
INSERT INTO Students VALUES ( 2, 'Whistler');
INSERT INTO Students VALUES ( 3, 'Azur');
INSERT INTO Students VALUES ( 4, 'Jarvis');
INSERT INTO Students VALUES ( 5, 'Ethan');
INSERT INTO Students VALUES ( 6, 'Larry');
INSERT INTO Students VALUES ( 7, 'Rian');
INSERT INTO Students VALUES ( 8, 'Freddy');
INSERT INTO Students VALUES ( 9, 'Ryan');
INSERT INTO Students VALUES (10, 'Jack');
INSERT INTO Students VALUES (11, 'Jayden');
INSERT INTO Students VALUES (12, 'Anderson');
INSERT INTO Students VALUES (13, 'Arthur');
INSERT INTO Students VALUES (14, 'Bill');
INSERT INTO Students VALUES (15, 'Boris');
INSERT INTO Students VALUES (16, 'Brad');
INSERT INTO Students VALUES (17, 'Bryant');
INSERT INTO Students VALUES (18, 'Colin');
INSERT INTO Students VALUES (19, 'Eddy');
INSERT INTO Students VALUES (20, 'Reese');
INSERT INTO Students VALUES (21, 'Pablo');
INSERT INTO Students VALUES (22, 'Lily');
INSERT INTO Students VALUES (23, 'Jessie');
INSERT INTO Students VALUES (24, 'Jennifer');
INSERT INTO Students VALUES (25, 'Regina');
INSERT INTO Students VALUES (26, 'Jenna');
INSERT INTO Students VALUES (27, 'Chloe');
INSERT INTO Students VALUES (28, 'Sophie');
INSERT INTO Students VALUES (29, 'Marcia');
INSERT INTO Students VALUES (30, 'Serena');
INSERT INTO Students VALUES (31, 'Dew');
INSERT INTO Students VALUES (32, 'Anna');
INSERT INTO Students VALUES (33, 'Leah');
INSERT INTO Students VALUES (34, 'Lia');
INSERT INTO Students VALUES (35, 'Lucia');
INSERT INTO Students VALUES (36, 'Nicole');
INSERT INTO Students VALUES (37, 'Mia');
INSERT INTO Students VALUES (38, 'Betty');
INSERT INTO Students VALUES (39, 'Joy');
INSERT INTO Students VALUES (40, 'Charlize');



CREATE TABLE Courses
(
	CourseID              INTEGER NOT NULL ,
	CourseName            TEXT NOT NULL ,
 PRIMARY KEY (CourseID)
);

CREATE  INDEX CourseID ON Courses
(CourseID   ASC);

INSERT INTO Courses VALUES (100, 'Mathematics');
INSERT INTO Courses VALUES (200, 'English');
INSERT INTO Courses VALUES (300, 'Korean');
INSERT INTO Courses VALUES (400, 'History');
INSERT INTO Courses VALUES (500, 'Physics');



CREATE TABLE Study
(
	CourseID               INTEGER NOT NULL ,
	StudentID              INTEGER NOT NULL ,
	Grade                  INTEGER NOT NULL ,
 PRIMARY KEY (CourseID,StudentID),
FOREIGN KEY (CourseID) REFERENCES Courses (CourseID),
FOREIGN KEY (StudentID) REFERENCES Students (StudentID)
);

CREATE UNIQUE INDEX IdxCourseIDStudentID ON Study
(CourseID   ASC,StudentID   ASC);

INSERT INTO Study VALUES (100,  1,  62);
INSERT INTO Study VALUES (100,  2,  43);
INSERT INTO Study VALUES (100,  3,  54);
INSERT INTO Study VALUES (100,  4,  36);
INSERT INTO Study VALUES (100,  5,  23);
INSERT INTO Study VALUES (100,  6,  58);
INSERT INTO Study VALUES (100,  7,  71);
INSERT INTO Study VALUES (100,  8,  18);
INSERT INTO Study VALUES (100,  9,  42);
INSERT INTO Study VALUES (100, 10,  90);
INSERT INTO Study VALUES (100, 11,  79);
INSERT INTO Study VALUES (100, 12,  88);
INSERT INTO Study VALUES (100, 13,  73);
INSERT INTO Study VALUES (100, 14,  96);
INSERT INTO Study VALUES (100, 15,  28);
INSERT INTO Study VALUES (100, 16,  56);
INSERT INTO Study VALUES (100, 17,  33);
INSERT INTO Study VALUES (100, 18, 100);
INSERT INTO Study VALUES (100, 19,  13);
INSERT INTO Study VALUES (100, 20,  75);
INSERT INTO Study VALUES (100, 21,  19);
INSERT INTO Study VALUES (100, 22,  57);
INSERT INTO Study VALUES (100, 23,  19);
INSERT INTO Study VALUES (100, 24,  12);
INSERT INTO Study VALUES (100, 25,  98);
INSERT INTO Study VALUES (100, 26,  22);
INSERT INTO Study VALUES (100, 27,  43);
INSERT INTO Study VALUES (100, 28,  52);
INSERT INTO Study VALUES (100, 29,  54);
INSERT INTO Study VALUES (100, 30,  35);
INSERT INTO Study VALUES (100, 31,  79);
INSERT INTO Study VALUES (100, 32,  90);
INSERT INTO Study VALUES (100, 33,  66);
INSERT INTO Study VALUES (100, 34,  99);
INSERT INTO Study VALUES (100, 35,  66);
INSERT INTO Study VALUES (100, 36,  27);
INSERT INTO Study VALUES (100, 37,  20);
INSERT INTO Study VALUES (100, 38,  52);
INSERT INTO Study VALUES (100, 39,  52);
INSERT INTO Study VALUES (100, 40,  28);
INSERT INTO Study VALUES (200,  1,  91);
INSERT INTO Study VALUES (200,  2,  68);
INSERT INTO Study VALUES (200,  3,  51);
INSERT INTO Study VALUES (200,  4,  72);
INSERT INTO Study VALUES (200,  5,  93);
INSERT INTO Study VALUES (200,  6,  10);
INSERT INTO Study VALUES (200,  7,  74);
INSERT INTO Study VALUES (200,  8,  92);
INSERT INTO Study VALUES (200,  9,  86);
INSERT INTO Study VALUES (200, 10,  34);
INSERT INTO Study VALUES (200, 11,  72);
INSERT INTO Study VALUES (200, 12,  85);
INSERT INTO Study VALUES (200, 13,  81);
INSERT INTO Study VALUES (200, 14,  93);
INSERT INTO Study VALUES (200, 15,  10);
INSERT INTO Study VALUES (200, 16,  95);
INSERT INTO Study VALUES (200, 17,  29);
INSERT INTO Study VALUES (200, 18,  28);
INSERT INTO Study VALUES (200, 19,  49);
INSERT INTO Study VALUES (200, 20,  93);
INSERT INTO Study VALUES (200, 21,  37);
INSERT INTO Study VALUES (200, 22,  85);
INSERT INTO Study VALUES (200, 23,  23);
INSERT INTO Study VALUES (200, 24,  16);
INSERT INTO Study VALUES (200, 25,  84);
INSERT INTO Study VALUES (200, 26,  12);
INSERT INTO Study VALUES (200, 27,  74);
INSERT INTO Study VALUES (200, 28,  23);
INSERT INTO Study VALUES (200, 29,  54);
INSERT INTO Study VALUES (200, 30,  29);
INSERT INTO Study VALUES (200, 31,  42);
INSERT INTO Study VALUES (200, 32,  33);
INSERT INTO Study VALUES (200, 33,  36);
INSERT INTO Study VALUES (200, 34,  68);
INSERT INTO Study VALUES (200, 35,  49);
INSERT INTO Study VALUES (200, 36,  12);
INSERT INTO Study VALUES (200, 37,  97);
INSERT INTO Study VALUES (200, 38,  91);
INSERT INTO Study VALUES (200, 39,  58);
INSERT INTO Study VALUES (200, 40,  17);
INSERT INTO Study VALUES (300,  1,  45);
INSERT INTO Study VALUES (300,  2,  75);
INSERT INTO Study VALUES (300,  3,  30);
INSERT INTO Study VALUES (300,  4,  15);
INSERT INTO Study VALUES (300,  5,  71);
INSERT INTO Study VALUES (300,  6,  44);
INSERT INTO Study VALUES (300,  7,  13);
INSERT INTO Study VALUES (300,  8,  39);
INSERT INTO Study VALUES (300,  9,  13);
INSERT INTO Study VALUES (300, 10,  22);
INSERT INTO Study VALUES (300, 11,  14);
INSERT INTO Study VALUES (300, 12,  67);
INSERT INTO Study VALUES (300, 13,  79);
INSERT INTO Study VALUES (300, 14,  86);
INSERT INTO Study VALUES (300, 15,  30);
INSERT INTO Study VALUES (300, 16,  36);
INSERT INTO Study VALUES (300, 17,  94);
INSERT INTO Study VALUES (300, 18,  47);
INSERT INTO Study VALUES (300, 19,  30);
INSERT INTO Study VALUES (300, 20,  60);
INSERT INTO Study VALUES (300, 21,  17);
INSERT INTO Study VALUES (300, 22,  99);
INSERT INTO Study VALUES (300, 23,  78);
INSERT INTO Study VALUES (300, 24,  21);
INSERT INTO Study VALUES (300, 25,  23);
INSERT INTO Study VALUES (300, 26,  15);
INSERT INTO Study VALUES (300, 27,  75);
INSERT INTO Study VALUES (300, 28,  68);
INSERT INTO Study VALUES (300, 29,  62);
INSERT INTO Study VALUES (300, 30,  58);
INSERT INTO Study VALUES (300, 31,  95);
INSERT INTO Study VALUES (300, 32,  67);
INSERT INTO Study VALUES (300, 33,  76);
INSERT INTO Study VALUES (300, 34,  52);
INSERT INTO Study VALUES (300, 35,  14);
INSERT INTO Study VALUES (300, 36,  15);
INSERT INTO Study VALUES (300, 37,  61);
INSERT INTO Study VALUES (300, 38,  14);
INSERT INTO Study VALUES (300, 39,  32);
INSERT INTO Study VALUES (300, 40,  22);
INSERT INTO Study VALUES (400,  1,  99);
INSERT INTO Study VALUES (400,  2,  82);
INSERT INTO Study VALUES (400,  3,  63);
INSERT INTO Study VALUES (400,  4,  30);
INSERT INTO Study VALUES (400,  5,  58);
INSERT INTO Study VALUES (400,  6,  36);
INSERT INTO Study VALUES (400,  7,  36);
INSERT INTO Study VALUES (400,  8,  72);
INSERT INTO Study VALUES (400,  9,  85);
INSERT INTO Study VALUES (400, 10,  92);
INSERT INTO Study VALUES (400, 11,  16);
INSERT INTO Study VALUES (400, 12,  30);
INSERT INTO Study VALUES (400, 13,  69);
INSERT INTO Study VALUES (400, 14,  49);
INSERT INTO Study VALUES (400, 15,  64);
INSERT INTO Study VALUES (400, 16,  18);
INSERT INTO Study VALUES (400, 17,  33);
INSERT INTO Study VALUES (400, 18,  99);
INSERT INTO Study VALUES (400, 19,  61);
INSERT INTO Study VALUES (400, 20,  14);
INSERT INTO Study VALUES (400, 21,  94);
INSERT INTO Study VALUES (400, 22,  18);
INSERT INTO Study VALUES (400, 23,  13);
INSERT INTO Study VALUES (400, 24,  85);
INSERT INTO Study VALUES (400, 25,  58);
INSERT INTO Study VALUES (400, 26,  18);
INSERT INTO Study VALUES (400, 27,  64);
INSERT INTO Study VALUES (400, 28,  24);
INSERT INTO Study VALUES (400, 29,  22);
INSERT INTO Study VALUES (400, 30,  49);
INSERT INTO Study VALUES (400, 31,  95);
INSERT INTO Study VALUES (400, 32,  95);
INSERT INTO Study VALUES (400, 33,  57);
INSERT INTO Study VALUES (400, 34,  44);
INSERT INTO Study VALUES (400, 35,  10);
INSERT INTO Study VALUES (400, 36,  75);
INSERT INTO Study VALUES (400, 37,  51);
INSERT INTO Study VALUES (400, 38,  91);
INSERT INTO Study VALUES (400, 39,  67);
INSERT INTO Study VALUES (400, 40,  24);
INSERT INTO Study VALUES (500,  1,  89);
INSERT INTO Study VALUES (500,  2,  22);
INSERT INTO Study VALUES (500,  3,  43);
INSERT INTO Study VALUES (500,  4,  26);
INSERT INTO Study VALUES (500,  5,  21);
INSERT INTO Study VALUES (500,  6,  82);
INSERT INTO Study VALUES (500,  7,  27);
INSERT INTO Study VALUES (500,  8,  81);
INSERT INTO Study VALUES (500,  9,  77);
INSERT INTO Study VALUES (500, 10,  93);
INSERT INTO Study VALUES (500, 11,  74);
INSERT INTO Study VALUES (500, 12,  29);
INSERT INTO Study VALUES (500, 13,  50);
INSERT INTO Study VALUES (500, 14,  87);
INSERT INTO Study VALUES (500, 15,  95);
INSERT INTO Study VALUES (500, 16,  81);
INSERT INTO Study VALUES (500, 17,  32);
INSERT INTO Study VALUES (500, 18,  59);
INSERT INTO Study VALUES (500, 19,  71);
INSERT INTO Study VALUES (500, 20,  82);
INSERT INTO Study VALUES (500, 21,  93);
INSERT INTO Study VALUES (500, 22,  45);
INSERT INTO Study VALUES (500, 23,  53);
INSERT INTO Study VALUES (500, 24,  67);
INSERT INTO Study VALUES (500, 25,  16);
INSERT INTO Study VALUES (500, 26,  37);
INSERT INTO Study VALUES (500, 27,  52);
INSERT INTO Study VALUES (500, 28,  82);
INSERT INTO Study VALUES (500, 29,  20);
INSERT INTO Study VALUES (500, 30,  48);
INSERT INTO Study VALUES (500, 31,  54);
INSERT INTO Study VALUES (500, 32,  30);
INSERT INTO Study VALUES (500, 33,  18);
INSERT INTO Study VALUES (500, 34,  51);
INSERT INTO Study VALUES (500, 35,  51);
INSERT INTO Study VALUES (500, 36,  68);
INSERT INTO Study VALUES (500, 37,  37);
INSERT INTO Study VALUES (500, 38,  70);
INSERT INTO Study VALUES (500, 39,  26);
INSERT INTO Study VALUES (500, 40,  78);
